Course,Avg%,Top%,Low%,PassRate%
AI,68.0,84.33333333333334,51.66666666666667,100.0
Data Science,91.66666666666666,91.66666666666666,91.66666666666666,100.0
ML,74.5,84.0,65.0,100.0
